{
  "n_total": 30,
  "n_warmup_discarded": 3,
  "n_analyzed": 27,
  "warmup": [
    494,
    165,
    164
  ],
  "samples": [
    164,
    167,
    152,
    163,
    165,
    164,
    165,
    164,
    165,
    166,
    173,
    153,
    167,
    174,
    167,
    172,
    168,
    167,
    156,
    172,
    171,
    167,
    170,
    169,
    176,
    171,
    167
  ],
  "mean": 166.4814814814815,
  "median": 167,
  "p95": 173.7,
  "p99": 175.48,
  "stdev": 5.726929438863447,
  "min": 152,
  "max": 176,
  "ci95_low": 164.32127123608507,
  "ci95_high": 168.64169172687792
}
