{
  "n_total": 30,
  "n_warmup_discarded": 3,
  "n_analyzed": 27,
  "warmup": [
    195,
    173,
    165
  ],
  "samples": [
    164,
    165,
    167,
    167,
    162,
    175,
    169,
    168,
    181,
    166,
    170,
    168,
    168,
    170,
    170,
    168,
    168,
    170,
    170,
    166,
    175,
    167,
    175,
    154,
    170,
    178,
    169
  ],
  "mean": 168.88888888888889,
  "median": 168,
  "p95": 177.10000000000002,
  "p99": 180.22,
  "stdev": 5.146569681562612,
  "min": 154,
  "max": 181,
  "ci95_low": 166.94759160673402,
  "ci95_high": 170.83018617104375
}
