{
  "n_total": 30,
  "n_warmup_discarded": 3,
  "n_analyzed": 27,
  "warmup": [
    211,
    176,
    173
  ],
  "samples": [
    191,
    153,
    185,
    155,
    166,
    168,
    155,
    169,
    167,
    169,
    173,
    168,
    180,
    209,
    194,
    170,
    177,
    169,
    171,
    170,
    185,
    174,
    179,
    174,
    178,
    186,
    175
  ],
  "mean": 174.44444444444446,
  "median": 173,
  "p95": 193.10000000000002,
  "p99": 205.1,
  "stdev": 12.163417198662469,
  "min": 153,
  "max": 209,
  "ci95_low": 169.85637701108763,
  "ci95_high": 179.03251187780128
}
