{
  "n_total": 30,
  "n_warmup_discarded": 3,
  "n_analyzed": 27,
  "warmup": [
    210,
    152,
    165
  ],
  "samples": [
    165,
    173,
    168,
    166,
    166,
    166,
    153,
    169,
    170,
    168,
    166,
    166,
    167,
    168,
    178,
    165,
    154,
    179,
    171,
    172,
    168,
    169,
    167,
    166,
    176,
    169,
    165
  ],
  "mean": 167.77777777777777,
  "median": 168,
  "p95": 177.4,
  "p99": 178.74,
  "stdev": 5.597618541248888,
  "min": 153,
  "max": 179,
  "ci95_low": 165.66634388432533,
  "ci95_high": 169.8892116712302
}
