{
  "gate_p50_le_161_7": false,
  "gate_p95_le_1500": true,
  "max_ms": 240,
  "mean_ms": 214.66666666666666,
  "median_ms": 214,
  "min_ms": 194,
  "n": 27,
  "p95_ms": 232.0,
  "p99_ms": 237.92,
  "run_id": "phase03-attempt3-20260430T192358Z",
  "samples": [
    211,
    202,
    200,
    232,
    226,
    212,
    194,
    226,
    221,
    214,
    224,
    224,
    225,
    232,
    218,
    217,
    226,
    240,
    199,
    195,
    219,
    211,
    203,
    204,
    210,
    203,
    208
  ],
  "stdev_ms": 12.256866207590308,
  "warmup_discarded": [
    236,
    222,
    221
  ]
}
