{
  "gate_p50_le_161_7": false,
  "gate_p95_le_1500": true,
  "max_ms": 252,
  "mean_ms": 211.85185185185185,
  "median_ms": 209,
  "min_ms": 186,
  "n": 27,
  "p95_ms": 236.3,
  "p99_ms": 248.62,
  "run_id": "phase03-attempt1-20260430T191556Z",
  "samples": [
    222,
    221,
    200,
    202,
    198,
    200,
    200,
    198,
    201,
    196,
    186,
    200,
    218,
    216,
    230,
    204,
    220,
    220,
    201,
    209,
    239,
    221,
    225,
    207,
    252,
    222,
    212
  ],
  "stdev_ms": 14.81086842024543,
  "warmup_discarded": [
    236,
    214,
    210
  ]
}
