{
  "gate_p50_le_161_7": false,
  "gate_p95_le_1500": true,
  "max_ms": 286,
  "mean_ms": 226.4814814814815,
  "median_ms": 226,
  "min_ms": 196,
  "n": 27,
  "p95_ms": 247.6,
  "p99_ms": 276.64,
  "run_id": "phase03-attempt2-20260430T191957Z",
  "samples": [
    226,
    227,
    250,
    226,
    242,
    226,
    229,
    226,
    223,
    238,
    286,
    227,
    225,
    232,
    225,
    227,
    224,
    222,
    199,
    228,
    216,
    196,
    218,
    214,
    216,
    231,
    216
  ],
  "stdev_ms": 16.189669950478084,
  "warmup_discarded": [
    251,
    234,
    227
  ]
}
