{
  "gate_p50_le_161_7": false,
  "gate_p95_le_1500": true,
  "max_ms": 255,
  "mean_ms": 216.62962962962962,
  "median_ms": 215,
  "min_ms": 192,
  "n": 27,
  "p95_ms": 252.0,
  "p99_ms": 255.0,
  "run_id": "phase03-baseline-20260430T191030Z",
  "samples": [
    255,
    229,
    215,
    204,
    225,
    235,
    245,
    215,
    239,
    217,
    255,
    210,
    196,
    223,
    233,
    202,
    198,
    224,
    195,
    211,
    201,
    199,
    223,
    192,
    197,
    212,
    199
  ],
  "stdev_ms": 18.385086238889283,
  "warmup_discarded": [
    251,
    249,
    232
  ]
}
